Date,MA,V
2025-01-02,516.8804321289062,310.895751953125
2025-01-03,515.851318359375,311.4000244140625
2025-01-06,506.52105712890625,309.55096435546875
2025-01-07,505.99664306640625,308.1961975097656
2025-01-08,510.94378662109375,309.1158142089844
2025-01-10,500.07373046875,304.28033447265625
2025-01-13,500.3115234375,303.4991455078125
2025-01-14,504.38409423828125,305.6449279785156
2025-01-15,517.5927124023438,312.75482177734375
2025-01-16,518.3756103515625,313.7139892578125
2025-01-17,519.9213256835938,316.0575866699219
2025-01-21,523.2507934570312,320.0228576660156
2025-01-22,522.378662109375,319.9536437988281
2025-01-23,529.3545532226562,324.55181884765625
2025-01-24,528.6312866210938,326.5196838378906
2025-01-27,542.6524047851562,330.811279296875
2025-01-28,542.3749389648438,330.7519836425781
2025-01-29,543.8018798828125,332.1363830566406
2025-01-30,560.85498046875,339.2264099121094
2025-01-31,550.3715209960938,337.9903564453125
2025-02-03,558.8138427734375,341.9655456542969
2025-02-04,554.0179443359375,341.302978515625
2025-02-05,561.1324462890625,345.5451965332031
2025-02-06,561.9945678710938,343.6070251464844
2025-02-07,557.6246948242188,344.1409912109375
2025-02-10,560.33984375,347.3152770996094
2025-02-11,559.5570068359375,347.3945007324219
2025-02-12,559.4579467773438,348.1571960449219
2025-02-13,561.1524047851562,352.2579650878906
2025-02-14,559.616455078125,350.4551696777344
2025-02-18,563.431396484375,353.3475341796875
2025-02-19,563.3224487304688,351.86175537109375
2025-02-20,558.1500244140625,347.1666564941406
2025-02-21,552.4325561523438,345.2252502441406
2025-02-24,553.9089965820312,346.5426330566406
2025-02-25,558.8931274414062,348.7514953613281
2025-02-26,556.1582641601562,347.30535888671875
2025-02-27,559.6759643554688,352.36688232421875
2025-02-28,571.061279296875,359.2707824707031
2025-03-03,569.6838989257812,358.3892822265625
2025-03-04,550.0146484375,348.89019775390625
2025-03-05,553.2152709960938,349.3359069824219
2025-03-06,544.8125,340.896728515625
2025-03-07,541.790283203125,342.0456848144531
2025-03-10,532.2282104492188,338.24212646484375
2025-03-11,521.0112915039062,328.9906921386719
2025-03-12,519.8618774414062,329.6840515136719
2025-03-13,515.0956420898438,325.4346923828125
2025-03-14,522.83447265625,328.6539001464844
2025-03-17,527.1448974609375,331.3777770996094
2025-03-18,525.3613891601562,331.595703125
2025-03-19,531.2077026367188,336.6473693847656
2025-03-20,531.494873046875,336.2808837890625
2025-03-21,530.8111572265625,332.4773254394531
2025-03-24,538.7185668945312,340.60943603515625
2025-03-25,540.1950073242188,341.35235595703125
2025-03-26,544.0694580078125,340.91650390625
2025-03-27,552.4920043945312,346.5426330566406
2025-03-28,535.6863403320312,339.59912109375
2025-03-31,543.1280517578125,347.1369323730469
2025-04-01,543.5144653320312,343.06597900390625
2025-04-02,542.3947143554688,343.0461120605469
2025-04-03,525.7180786132812,336.1719665527344
2025-04-04,485.3094177246094,310.16094970703125
2025-04-07,481.0981140136719,309.358642578125
2025-04-08,475.5491638183594,305.34698486328125
2025-04-09,511.54583740234375,329.2779235839844
2025-04-10,495.5770263671875,321.5320739746094
2025-04-11,505.9085998535156,330.23870849609375
2025-04-14,508.5981750488281,332.0018310546875
2025-04-15,513.4810791015625,332.6258544921875
2025-04-16,509.56085205078125,328.1883239746094
2025-04-17,513.4315185546875,326.484619140625
2025-04-21,505.48187255859375,317.0648498535156
2025-04-22,523.356201171875,328.2576599121094
2025-04-23,526.0159301757812,331.19952392578125
2025-04-24,531.4248046875,332.5268249511719
2025-04-25,529.4597778320312,331.991943359375
2025-04-28,530.462158203125,334.30975341796875
2025-04-29,535.6130981445312,338.2817077636719
2025-04-30,543.9298706054688,342.2239990234375
2025-05-01,542.5106201171875,339.2029113769531
2025-05-02,555.174560546875,344.3040771484375
2025-05-05,556.8914184570312,345.334228515625
2025-05-06,554.7775268554688,344.4031066894531
2025-05-07,562.0621948242188,346.53277587890625
2025-05-08,562.8462524414062,347.93927001953125
2025-05-09,564.3549194335938,349.1972351074219
2025-05-12,573.9122314453125,352.47589111328125
2025-05-13,572.244873046875,353.3489990234375
2025-05-14,568.9598999023438,353.6664123535156
2025-05-15,577.8126831054688,359.4606628417969
2025-05-16,578.884521484375,362.2585754394531
2025-05-19,581.9908447265625,365.0168151855469
2025-05-20,576.7307739257812,363.9651184082031
2025-05-21,565.248046875,355.49200439453125
2025-05-22,565.8435668945312,355.1646423339844
2025-05-23,559.3329467773438,350.76934814453125
2025-05-27,570.22021484375,356.4842224121094
2025-05-28,571.5800170898438,356.9108581542969
2025-05-29,573.426025390625,359.5599365234375
2025-05-30,581.18701171875,362.3280334472656
2025-06-02,576.8399658203125,362.4570007324219
2025-06-03,577.5843505859375,362.9927978515625
2025-06-04,579.7280883789062,365.1159973144531
2025-06-05,581.0281982421875,363.8956604003906
2025-06-06,585.6729736328125,367.318603515625
2025-06-09,579.9265747070312,363.7865295410156
2025-06-10,585.0972900390625,367.7948913574219
2025-06-11,586.288330078125,370.3843994140625
2025-06-12,584.8392944335938,368.4893493652344
2025-06-13,557.794677734375,350.08477783203125
2025-06-16,564.3845825195312,352.69415283203125
2025-06-17,565.1588134765625,355.03564453125
2025-06-18,534.6702270507812,337.71246337890625
2025-06-20,528.9535522460938,335.91668701171875
2025-06-23,538.262939453125,341.0560607910156
2025-06-24,553.3285522460938,348.87432861328125
2025-06-25,545.5575561523438,342.5542297363281
2025-06-26,541.6968383789062,343.31817626953125
2025-06-27,546.1728515625,345.8779602050781
2025-06-30,557.7052612304688,352.2674865722656
2025-07-01,560.3551635742188,352.6842041015625
2025-07-02,557.2885131835938,351.4440002441406
2025-07-03,564.9502563476562,356.0476379394531
2025-07-07,560.861328125,353.8450622558594
2025-07-08,558.2015380859375,351.7714538574219
2025-07-09,561.6102905273438,354.9562683105469
2025-07-10,560.0301513671875,353.0910339355469
2025-07-11,546.772705078125,345.2032775878906
2025-07-14,549.59521484375,347.753173828125
2025-07-15,546.9515991210938,344.3003845214844
2025-07-16,552.0796508789062,347.1578674316406
2025-07-17,552.169189453125,347.0685729980469
2025-07-18,549.2373046875,346.31451416015625
2025-07-21,551.215087890625,348.189697265625
2025-07-22,555.299560546875,349.10247802734375
2025-07-23,558.6090087890625,352.5056457519531
2025-07-24,560.0103149414062,351.19598388671875
2025-07-25,564.700927734375,354.241943359375
2025-07-28,564.7607421875,352.6842041015625
2025-07-29,559.8314208984375,348.5369873046875
2025-07-30,555.6474609375,348.1599426269531
2025-07-31,562.9617919921875,342.7626037597656
2025-08-01,556.4226684570312,336.6905517578125
2025-08-04,566.2811889648438,339.4685974121094
2025-08-05,562.5345458984375,334.78558349609375
2025-08-06,565.6054077148438,337.0774841308594
2025-08-07,557.744384765625,329.4874267578125
2025-08-08,570.7632446289062,334.1406555175781
2025-08-11,570.0377807617188,333.2675476074219
2025-08-12,570.6240844726562,334.6888732910156
2025-08-13,574.321044921875,340.4634704589844
2025-08-14,580.144775390625,343.38555908203125
2025-08-15,578.0975952148438,342.3717956542969
2025-08-18,580.5224609375,340.6523132324219
2025-08-19,581.8839721679688,340.3641052246094
2025-08-20,589.0095825195312,341.8350830078125
2025-08-21,588.2542724609375,341.5965576171875
2025-08-22,595.250732421875,347.9078674316406
2025-08-25,589.5362548828125,346.6953125
2025-08-26,587.9461669921875,349.0409240722656
2025-08-27,587.0020751953125,348.2159729003906
2025-08-28,586.8231811523438,347.7289733886719
2025-08-29,591.6033935546875,349.63726806640625
2025-09-02,588.20458984375,347.93768310546875
2025-09-03,589.6058349609375,348.7328186035156
2025-09-04,591.9512329101562,348.8520812988281
2025-09-05,580.6019287109375,341.1294250488281
2025-09-08,582.9671020507812,340.2149963378906
2025-09-09,580.3832397460938,341.89471435546875
2025-09-10,575.7919921875,336.06048583984375
2025-09-11,585.0840454101562,341.39776611328125
2025-09-12,576.8154907226562,337.36248779296875
2025-09-15,579.3497924804688,336.98480224609375
2025-09-16,582.788330078125,337.9588317871094
2025-09-17,594.9227294921875,344.0912780761719
2025-09-18,582.4205932617188,336.1200866699219
2025-09-19,580.5422973632812,339.5292053222656
2025-09-22,580.8703002929688,342.2624206542969
2025-09-23,566.4401245117188,336.6369323730469
2025-09-24,565.287353515625,336.6170959472656
2025-09-25,563.7867431640625,332.889892578125
2025-09-26,561.6301879882812,335.3150329589844
2025-09-29,564.62158203125,338.0880432128906
2025-09-30,565.287353515625,339.3006286621094
2025-10-01,570.2166748046875,345.7113037109375
2025-10-02,573.754638671875,343.8428039550781
2025-10-03,576.8553466796875,347.7090759277344
2025-10-06,575.2254638671875,347.1524963378906
2025-10-07,576.2490844726562,350.27337646484375
2025-10-08,572.8701171875,349.2198181152344
2025-10-09,561.79443359375,344.9261474609375
2025-10-10,554.7589111328125,341.5567932128906
2025-10-13,556.5103759765625,341.2088928222656
2025-10-14,565.1480102539062,346.25799560546875
2025-10-15,560.0629272460938,343.5843505859375
2025-10-16,547.196044921875,333.3570556640625
2025-10-17,558.23193359375,339.8075256347656
2025-10-20,563.5956420898438,342.3121643066406
2025-10-21,569.2379760742188,345.0950927734375
2025-10-22,568.5711669921875,343.2563781738281
2025-10-23,570.969482421875,343.85272216796875
2025-10-24,570.8699340820312,345.2640686035156
2025-10-27,569.5662841796875,345.701416015625
2025-10-28,563.167724609375,344.7869873046875
2025-10-29,551.8731689453125,339.20123291015625
2025-10-30,550.9774780273438,342.9283752441406
2025-10-31,549.2957763671875,338.66448974609375
2025-11-03,541.4144287109375,334.847900390625
2025-11-04,550.0520629882812,338.2272033691406
2025-11-05,550.6093139648438,337.9687805175781
2025-11-06,550.5794677734375,334.90753173828125
2025-11-07,549.2758178710938,333.9732666015625
2025-11-10,550.2610473632812,332.8103942871094
2025-11-11,555.624755859375,336.8555908203125
2025-11-12,558.4906616210938,337.4830017089844
2025-11-13,552.8583374023438,334.69451904296875
2025-11-14,543.0663452148438,328.6595153808594
2025-11-17,534.2296142578125,324.4071350097656
2025-11-18,525.0049438476562,319.85595703125
2025-11-19,527.7713012695312,322.7838439941406
2025-11-20,525.303466796875,322.4352722167969
2025-11-21,537.7623901367188,326.6279602050781
2025-11-24,535.2247314453125,327.9424743652344
2025-11-25,543.8026733398438,333.15093994140625
2025-11-26,542.2702026367188,332.41400146484375
2025-11-28,547.8429565429688,333.0613098144531
2025-12-01,541.3148803710938,329.02801513671875
2025-12-02,543.2454223632812,328.26116943359375
2025-12-03,551.0272216796875,328.2511901855469
2025-12-04,539.6630249023438,325.7515869140625
2025-12-05,542.8573608398438,329.8744812011719
2025-12-08,537.8021850585938,325.49261474609375
2025-12-09,534.92626953125,325.1540222167969
2025-12-10,536.2297973632812,324.38720703125
2025-12-11,560.6201782226562,344.2051696777344
2025-12-12,569.138427734375,346.3960876464844
2025-12-15,566.3521118164062,345.4599914550781
2025-12-16,563.25732421875,343.68731689453125
2025-12-17,562.7099609375,342.9902038574219
2025-12-18,563.4463500976562,344.5836181640625
2025-12-19,569.4369506835938,347.81024169921875
2025-12-22,572.8900756835938,350.6385192871094
2025-12-23,573.536865234375,351.9232177734375
2025-12-24,576.6217651367188,353.6759948730469
2025-12-26,576.77099609375,353.5365295410156
2025-12-29,575.0792846679688,353.1481628417969
2025-12-30,574.6016235351562,352.1622314453125
