Date,MA,V,ratio,z_score,signal,cumulative_profit,MA_buyhold,V_buyhold,buyhold_total
2025-01-02,516.8804321289062,310.895751953125,1.6625522506555135,0.859697555252094,Hold,0,10000.0,10000.0,0.0
2025-01-03,515.851318359375,311.4000244140625,1.6565551635071731,0.7198462585008224,Hold,0,9980.089906570993,10016.21998556653,-3.6901078624796355
2025-01-06,506.52105712890625,309.55096435546875,1.6363090910847544,0.24771046784802234,Hold,0,9799.578889892731,9956.744741952632,-243.6763681546363
2025-01-07,505.99664306640625,308.1961975097656,1.6418004088138467,0.375767287148928,Hold,0,9789.433137995333,9913.168500167658,-297.3983618370112
2025-01-08,510.94378662109375,309.1158142089844,1.65292024262356,0.6350803735657925,Hold,0,9885.14470390452,9942.748084109911,-172.10721198556712
2025-01-10,500.07373046875,304.28033447265625,1.643463851633463,0.4145585585846463,Hold,0,9674.843530235155,9787.214285209462,-537.9421845553807
2025-01-13,500.3115234375,303.4991455078125,1.648477535580479,0.5314770198555109,Hold,0,9679.44407136554,9762.087246324687,-558.4686823097727
2025-01-14,504.3840942382813,305.6449279785156,1.6502289031072535,0.5723186840916644,Hold,0,9758.235423245653,9831.106602723827,-410.65797403052056
2025-01-15,517.5927124023438,312.75482177734375,1.6549471866202852,0.6823484454434303,Hold,0,10013.78036832433,10059.79720895315,73.57757727747958
2025-01-16,518.3756103515625,313.7139892578125,1.6523828330956498,0.622548052873148,Hold,0,10028.926965110633,10090.64894862611,119.57591373674222
2025-01-17,519.9213256835938,316.0575866699219,1.6450208683855425,0.45086798788851035,Hold,0,10058.831663295181,10166.03104688208,224.86271017726176
2025-01-21,523.2507934570312,320.0228576660156,1.6350419381702719,0.21816062575150075,Hold,0,10123.246324142838,10293.574474902016,416.82079904485363
2025-01-22,522.378662109375,319.9536437988281,1.6326698327518416,0.16284343415624516,Hold,0,10106.373343595595,10291.348202373278,397.7215459688741
2025-01-23,529.3545532226562,324.55181884765625,1.6310324653307022,0.12466023764091663,Hold,0,10241.334752069683,10439.249066889477,680.5838189591595
2025-01-24,528.6312866210938,326.5196838378906,1.6189874999497635,-0.15622679737818,Hold,0,10227.341833077111,10502.545685703719,729.8875187808299
2025-01-27,542.6524047851562,330.811279296875,1.6403685084092066,0.3423755548872061,Hold,0,10498.606080909301,10640.585380103643,1139.191461012946
2025-01-28,542.3749389648438,330.7519836425781,1.639823692035518,0.32967050750887145,Hold,0,10493.237995699155,10638.678128109223,1131.9161238083761
2025-01-29,543.8018798828125,332.1363830566406,1.6372848854383883,0.2704658659842725,Hold,0,10520.8447849926,10683.207505090586,1204.0522900831857
2025-01-30,560.85498046875,339.2264099121094,1.6533352477304544,0.6447582389897808,Hold,0,10850.768293911286,10911.259088649624,1762.027382560911
2025-01-31,550.3715209960938,337.9903564453125,1.6283645686948613,0.06244523310759786,Hold,0,10647.946542089932,10871.501277260058,1519.447819349989
2025-02-03,558.8138427734375,341.9655456542969,1.634123232222813,0.19673652186453447,Hold,0,10811.27874142609,10999.363725814317,1810.6424672404064
2025-02-04,554.0179443359375,341.302978515625,1.6232438015789958,-0.056970393812756134,Hold,0,10718.493289716362,10978.052172520023,1696.5454622363832
2025-02-05,561.1324462890625,345.5451965332031,1.6239046351065216,-0.04155984141036649,Hold,0,10856.13637912143,11114.503635459849,1970.6400145812804
2025-02-06,561.9945678710938,343.6070251464844,1.6355735673084908,0.23055814850406767,Hold,0,10872.815702393165,11052.162115045283,1924.9778174384483
2025-02-07,557.6246948242188,344.1409912109375,1.6203379111046632,-0.12473538388215262,Hold,0,10788.27249326303,11069.337199011488,1857.60969227452
2025-02-10,560.33984375,347.3152770996094,1.613346376322213,-0.2877770708581182,Hold,0,10840.802029244847,11171.438494018903,2012.2405232637502
2025-02-11,559.5570068359375,347.3945007324219,1.610724998974386,-0.3489072516108634,Hold,0,10825.656613295587,11173.986731886898,1999.643345182485
2025-02-12,559.4579467773438,348.1571960449219,1.606911915458896,-0.4378278660811301,Hold,0,10823.740114770275,11198.51892017537,2022.259034945644
2025-02-13,561.1524047851562,352.2579650878906,1.5930155181732941,-0.7618900536883427,Hold,0,10856.522512835403,11330.420659494956,2186.943172330357
2025-02-14,559.616455078125,350.4551696777344,1.5968275074747154,-0.6729949561486532,Hold,0,10826.806748578183,11272.43352397346,2099.240272551644
2025-02-18,563.431396484375,353.3475341796875,1.594553073059946,-0.7260344725694282,Hold,0,10900.61378728803,11365.466782993006,2266.0805702810358
2025-02-19,563.3224487304688,351.86175537109375,1.600976633952037,-0.5762378632658098,Hold,0,10898.5059931613,11317.676525350058,2216.1825185113557
2025-02-20,558.1500244140625,347.1666564941406,1.6077293541106037,-0.4187653024351159,Hold,0,10798.435957716114,11166.65809401231,1965.0940517284253
2025-02-21,552.4325561523438,345.2252502441406,1.6002090106725035,-0.5941387388748851,Hold,0,10687.821047452055,11104.212523823471,1792.033571275526
2025-02-24,553.9089965820312,346.5426330566406,1.5983862986678976,-0.6366441471077458,Hold,0,10716.385495589633,11146.586303594468,1862.9717991841026
2025-02-25,558.8931274414062,348.7514953613281,1.6025540675097563,-0.5394523166947456,Hold,0,10812.812648748566,11217.63463059189,2030.4472793404566
2025-02-26,556.1582641601562,347.30535888671875,1.6013523832252743,-0.5674754388061087,Hold,0,10759.90170240096,11171.119473484583,1931.021175885544
2025-02-27,559.6759643554688,352.36688232421875,1.5883330483950004,-0.8710846433774778,Hold,0,10827.958064697825,11333.923995762623,2161.882060460448
2025-02-28,571.061279296875,359.2707824707031,1.589501031421731,-0.8438474302386035,Hold,0,11048.22786470772,11555.988790894507,2604.2166556022275
2025-03-03,569.6838989257812,358.3892822265625,1.5895673424900159,-0.8423010647016014,Hold,0,11021.579915095454,11527.63522740569,2549.2151425011434
2025-03-04,550.0146484375,348.89019775390625,1.576469192824555,-1.1477482210371326,Hold,0,10641.042187883219,11222.096010064164,1863.1381979473808
2025-03-05,553.2152709960938,349.3359069824219,1.5836198339151286,-0.9809961955314865,Hold,0,10702.96410172722,11236.432302075735,1939.3964038029553
2025-03-06,544.8125,340.896728515625,1.5981746213062544,-0.641580435806982,Hold,0,10540.397084796736,10964.98509143423,1505.3821762309672
2025-03-07,541.790283203125,342.0456848144531,1.5839705257413956,-0.9728181074946826,Hold,0,10481.926757637566,11001.941411731632,1483.8681693691979
2025-03-10,532.2282104492188,338.24212646484375,1.5735124894460406,-1.2166981614608852,Hold,0,10296.930921859408,10879.599490823595,1176.5304126830015
2025-03-11,521.0112915039062,328.9906921386719,1.5836657508969778,-0.9799254174527836,Hold,0,10079.919051258836,10582.025970823659,661.9450220824947
2025-03-12,519.8618774414062,329.6840515136719,1.5768487285162103,-1.1388974977895883,Hold,0,10057.681528012583,10604.327960176814,662.0094881893965
2025-03-13,515.0956420898438,325.4346923828125,1.5827926590073897,-1.0002858074090475,Hold,0,9965.469963107109,10467.646802452276,433.1167655593854
2025-03-14,522.83447265625,328.6539001464844,1.5908360510044681,-0.8127149462149571,Hold,0,10115.19183465353,10571.193015079756,686.3848497332874
2025-03-17,527.1448974609375,331.3777770996094,1.5907671965054018,-0.8143206242288665,Hold,0,10198.584908501069,10658.80685142242,857.3917599234883
2025-03-18,525.3613891601562,331.595703125,1.5843431751650694,-0.9641279711259267,Hold,0,10164.07966918614,10665.816468762689,829.8961379488283
2025-03-19,531.2077026367188,336.6473693847656,1.5779351064216502,-1.113563305525973,Hold,0,10277.187326453855,10828.303933709693,1105.4912601635478
2025-03-20,531.494873046875,336.2808837890625,1.5805087314456554,-1.0535467027893843,Hold,0,10282.743164754282,10816.515879566115,1099.2590443203953
2025-03-21,530.8111572265625,332.4773254394531,1.596533407278108,-0.6798533347002655,Hold,0,10269.51542816738,10694.173958658079,963.6893868254592
2025-03-24,538.7185668945312,340.60943603515625,1.5816313639617636,-1.0273670576934604,Hold,0,10422.498771634264,10955.744293557002,1378.2430651912655
2025-03-25,540.1950073242188,341.35235595703125,1.582514366451941,-1.0067755538131005,Hold,0,10451.06321977184,10979.64040398012,1430.7036237519605
2025-03-26,544.0694580078125,340.91650390625,1.595902374258268,-0.6945689431172486,Hold,0,10526.02157460133,10965.621169299584,1491.642743900913
2025-03-27,552.4920043945312,346.5426330566406,1.5942973582249813,-0.7319977094515608,Hold,0,10688.971182734651,11146.586303594468,1835.5574863291185
2025-03-28,535.6863403320312,339.59912109375,1.5774079114420005,-1.1258574242741348,Hold,0,10363.834787199585,10923.247389528588,1287.082176728174
2025-03-31,543.1280517578125,347.1369323730469,1.5645931075237651,-1.4246969944268661,Hold,0,10507.808344007117,11165.702014010989,1673.5103580181058
2025-04-01,543.5144653320312,343.06597900390625,1.5842855269710163,-0.9654723195561347,Hold,0,10515.28422334399,11034.759299497657,1550.0435228416463
2025-04-02,542.3947143554688,343.0461120605469,1.5811131369410107,-1.0394520447998916,Hold,0,10493.62058690199,11034.120276827369,1527.7408637293593
2025-04-03,525.7180786132812,336.1719665527344,1.5638367589190794,-1.442334946076542,Hold,0,10170.980480881717,10813.012543298448,983.993024180163
2025-04-04,485.3094177246094,310.16094970703125,1.5647018690877048,-1.4221606888209237,Hold,0,9389.200820114944,9976.364995614204,-634.4341842708527
2025-04-07,481.0981140136719,309.358642578125,1.5551468354150668,-1.6449828384023744,Hold,0,9307.725425629762,9950.558688391737,-741.7158859785013
2025-04-08,475.5491638183594,305.34698486328125,1.5574057953488094,-1.592304184877972,Hold,0,9200.370806449117,9821.523225872821,-978.1059676780642
2025-04-09,511.54583740234375,329.2779235839844,1.55353821426741,-1.6824956755375822,Hold,0,9896.79248052416,10591.264805497598,488.05728602175805
2025-04-10,495.5770263671875,321.5320739746094,1.5412988826934946,-1.967915305041305,Hold,0,9587.846541723873,10342.118602607607,-70.03485566852032
2025-04-11,505.9085998535156,330.23870849609375,1.531948214542814,-2.1859716770794178,Buy MA and Sell V,0,9787.729780556787,10622.168570057695,409.89835061447957
2025-04-14,508.5981750488281,332.0018310546875,1.5319137651534567,-2.1867750323842094,Buy MA and Sell V,0,9839.764545816419,10678.879623441904,518.6441692583248
2025-04-15,513.4810791015625,332.6258544921875,1.54371968434469,-1.9114625235953986,Hold,0,9934.233280734916,10698.951413859742,633.18469459466
2025-04-16,509.5608520507813,328.1883239746094,1.5526477172606665,-1.7032619505750646,Hold,0,9858.389298121088,10556.217700397903,414.6069985189897
2025-04-17,513.4315185546875,326.484619140625,1.5726055331676738,-1.2378482645840996,Hold,0,9933.274441053736,10501.417825414686,434.69226646842435
2025-04-21,505.48187255859375,317.0648498535156,1.5942538972457119,-0.7330112138677162,Hold,0,9779.47395835117,10198.429790746088,-22.09625090274494
2025-04-22,523.356201171875,328.2576599121094,1.5943457383812554,-0.7308694904638096,Hold,0,10125.285629720913,10558.44789933322,683.7335290541305
2025-04-23,526.0159301757812,331.19952392578125,1.5882146324994615,-0.8738460867478096,Hold,0,10176.742965665155,10653.073316219437,829.8162818845922
2025-04-24,531.4248046875,332.5268249511719,1.5981411567789583,-0.6423608242558688,Hold,0,10281.38756382572,10695.766116524754,977.1536803504714
2025-04-25,529.4597778320312,331.991943359375,1.5947970678881838,-0.7203445447285263,Hold,0,10243.370515136618,10678.561584509227,921.9320996458446
2025-04-28,530.462158203125,334.30975341796875,1.586738504574582,-0.9082691990619731,Hold,0,10262.763401939572,10753.11422937596,1015.8776313155322
2025-04-29,535.6130981445312,338.2817077636719,1.5833344985910907,-0.9876501783882633,Hold,0,10362.417782744642,10880.872628155947,1243.2904109005904
2025-04-30,543.9298706054688,342.2239990234375,1.589397213981528,-0.8462684395183856,Hold,0,10523.321000277614,11007.676910137903,1530.9979104155173
2025-05-01,542.5106201171875,339.2029113769531,1.5993689969078726,-0.6137277512348381,Hold,0,10495.862996451939,10910.503255383692,1406.3662518356286
2025-05-02,555.174560546875,344.3040771484375,1.6124542153113288,-0.3085821502569714,Hold,525.5138522586452,10740.87015173402,11074.582878197372,1815.453029931392
2025-05-05,556.8914184570312,345.334228515625,1.6126157573512414,-0.30481501077695344,Hold,525.5138522586452,10774.085916994949,11107.717823294428,1881.8037402893751
2025-05-06,554.7775268554688,344.4031066894531,1.6108377540151209,-0.34627781864249524,Hold,525.5138522586452,10733.188806751175,11077.768175532361,1810.9569822835365
2025-05-07,562.0621948242188,346.53277587890625,1.621959693130522,-0.0869156367692514,Hold,525.5138522586452,10874.1240698399,11146.269246263437,2020.3933161033347
2025-05-08,562.8462524414062,347.93927001953125,1.617656588202336,-0.18726348721363822,Hold,525.5138522586452,10889.293102530073,11191.5093028351,2080.802405365175
2025-05-09,564.3549194335938,349.1972351074219,1.6161494499232902,-0.2224097569766766,Hold,525.5138522586452,10918.481032627828,11231.971904205102,2150.4529368329313
2025-05-12,573.9122314453125,352.47589111328125,1.6282311667689762,0.05933431744759742,Hold,525.5138522586452,11103.384763116414,11337.430276835223,2440.815039951638
2025-05-13,572.244873046875,353.3489990234375,1.6194891583912998,-0.14452818739641832,Hold,525.5138522586452,11071.126656699615,11365.51389987192,2436.640556571532
2025-05-14,568.9598999023438,353.6664123535156,1.6087473393815708,-0.39502601756281924,Hold,525.5138522586452,11007.572826058335,11375.72353857184,2383.2963646301723
2025-05-15,577.8126831054688,359.4606628417969,1.6074434363344268,-0.42543286800045016,Hold,525.5138522586452,11178.846154527406,11562.096316323878,2740.9424708512815
2025-05-16,578.884521484375,362.2585754394531,1.5979870753428944,-0.645953983418946,Hold,525.5138522586452,11199.582833888464,11652.091518255042,2851.6743521435055
2025-05-19,581.9908447265625,365.0168151855469,1.5944220115742407,-0.7290908094671014,Hold,525.5138522586452,11259.680354496728,11740.810638048923,3000.4909925456523
2025-05-20,576.7307739257812,363.9651184082031,1.5845770508121932,-0.9586740212799811,Hold,525.5138522586452,11157.914637053791,11706.982682191154,2864.897319244945
2025-05-21,565.248046875,355.49200439453125,1.590044332608049,-0.831177716833808,Hold,525.5138522586452,10935.760221118822,11434.44393052145,2370.2041516402714
2025-05-22,565.8435668945312,355.1646423339844,1.5931866504955519,-0.7578992700642587,Hold,525.5138522586452,10947.281648174563,11423.914289685566,2371.1959378601314
2025-05-23,559.3329467773438,350.76934814453125,1.594589007665732,-0.7251964822095878,Hold,525.5138522586452,10821.321760500505,11282.53911289911,2103.8608733996152
2025-05-27,570.22021484375,356.4842224121094,1.5995664856790033,-0.6091223386314738,Hold,525.5138522586452,11031.955930216782,11466.358744774934,2498.314674991714
2025-05-28,571.5800170898438,356.9108581542969,1.6014643545608882,-0.5648642817398134,Hold,525.5138522586452,11058.263798759863,11480.081535758964,2538.3453345188245
2025-05-29,573.426025390625,359.5599365234375,1.5947995511820514,-0.7202866346366741,Hold,525.5138522586452,11093.978215209676,11565.289466472022,2659.2676816816966
2025-05-30,581.18701171875,362.3280334472656,1.6040354542518107,-0.5049065694441341,Hold,525.5138522586452,11244.128730603717,11654.325643596934,2898.45437420065
2025-06-02,576.8399658203125,362.4570007324219,1.5914714425564522,-0.7978976973920228,Hold,525.5138522586452,11160.027154528705,11658.473892144752,2818.5010466734566
2025-06-03,577.5843505859375,362.9927978515625,1.5911730315435273,-0.8048566036226855,Hold,525.5138522586452,11174.428643139117,11675.707872209601,2850.1365153487204
2025-06-04,579.7280883789062,365.1159973144531,1.587791531028481,-0.8837127583352616,Hold,525.5138522586452,11215.903182698281,11744.000843392132,2959.904026090415
2025-06-05,581.0281982421875,363.8956604003906,1.5966890003658967,-0.6762249240144568,Hold,525.5138522586452,11241.056192610582,11704.748556849263,2945.804749459843
2025-06-06,585.6729736328125,367.318603515625,1.5944549718617753,-0.7283221798242441,Hold,525.5138522586452,11330.917891794943,11814.847942052522,3145.765833847465
2025-06-09,579.9265747070312,363.7865295410156,1.5941397704822016,-0.7356726352338137,Hold,525.5138522586452,11219.743264771178,11701.238349370087,2920.9816141412666
2025-06-10,585.0972900390625,367.7948913574219,1.59082495104715,-0.812973795784162,Hold,525.5138522586452,11319.780236779083,11830.167798911443,3149.948035690526
2025-06-11,586.288330078125,370.3843994140625,1.582918532761143,-0.9973504477496139,Hold,525.5138522586452,11342.82309089056,11913.459643215287,3256.2827341058473
2025-06-12,584.8392944335938,368.4893493652344,1.5871267254835106,-0.8992159376707928,Hold,525.5138522586452,11314.788838586543,11852.505125923784,3167.293964510325
2025-06-13,557.794677734375,350.08477783203125,1.5933131431438639,-0.7549494778637518,Hold,525.5138522586452,10791.561124435544,11260.519824819445,2052.080949254989
2025-06-16,564.3845825195312,352.69415283203125,1.6002096376922825,-0.5941241168547258,Hold,525.5138522586452,10919.05491943208,11344.450691793574,2263.5056112256534
2025-06-17,565.1588134765625,355.03564453125,1.5918368259128912,-0.7893770047715286,Hold,525.5138522586452,10934.033837357882,11419.765059536103,2353.7988968939826
2025-06-18,534.6702270507812,337.71246337890625,1.5832114151229668,-0.9905204689476604,Hold,525.5138522586452,10344.17621206133,10862.562812689202,1206.7390247505318
2025-06-20,528.9535522460938,335.91668701171875,1.574656969118181,-1.19000904351158,Hold,525.5138522586452,10233.576652678865,10804.801445545843,1038.378098224708
2025-06-23,538.262939453125,341.0560607910156,1.5782242315375512,-1.10682094521305,Hold,525.5138522586452,10413.683823087465,10970.110033617893,1383.793856705357
2025-06-24,553.3285522460938,348.87432861328125,1.5860397480246964,-0.9245641114415616,Hold,525.5138522586452,10705.155735284203,11221.585577209253,1926.7413124934537
2025-06-25,545.5575561523438,342.5542297363281,1.5926166101416175,-0.7711925373999416,Hold,525.5138522586452,10554.811562614652,11018.29882152833,1573.1103841429795
2025-06-26,541.6968383789062,343.31817626953125,1.5778274376991692,-1.1160741262104266,Hold,525.5138522586452,10480.118896120468,11042.871255484208,1522.9901516046739
2025-06-27,546.1728515625,345.8779602050781,1.5790912240799122,-1.0866027912453486,Hold,525.5138522586452,10566.715580873228,11125.207019786734,1691.9226006599638
2025-06-30,557.7052612304688,352.2674865722656,1.5831868750000542,-0.9910927414404352,Hold,525.5138522586452,10789.831198163469,11330.726919207904,2120.5581173713726
2025-07-01,560.3551635742188,352.6842041015625,1.588829771953306,-0.8595011142344736,Hold,525.5138522586452,10841.098419343338,11344.13068965761,2185.2291090009458
2025-07-02,557.2885131835938,351.4440002441406,1.585710704398019,-0.9322373662634982,Hold,525.5138522586452,10781.768442814837,11304.239380444455,2086.007823259293
2025-07-03,564.9502563476562,356.0476379394531,1.5867265953993706,-0.9085469194878024,Hold,525.5138522586452,10929.99891717243,11452.31595165494,2382.3148688273723
2025-07-07,560.861328125,353.8450622558594,1.5850477735915125,-0.9476968269404961,Hold,525.5138522586452,10850.891100964047,11381.469834596197,2232.3609355602457
2025-07-08,558.2015380859375,351.7714538574219,1.5868301192858723,-0.9061327558423732,Hold,525.5138522586452,10799.432584182758,11314.77196608527,2114.2045502680267
2025-07-09,561.6102905273438,354.9562683105469,1.582195725688658,-1.014206215205984,Hold,525.5138522586452,10865.381152352895,11417.21191365989,2282.593066012785
2025-07-10,560.0301513671875,353.0910339355469,1.5860786526497164,-0.9236568606172721,Hold,525.5138522586452,10834.810462074525,11357.216421174639,2192.026883249164
2025-07-11,546.772705078125,345.2032775878906,1.5839151612310916,-0.9741092007151916,Hold,525.5138522586452,10578.320847359217,11103.505770639746,1681.8266179989623
2025-07-14,549.59521484375,347.753173828125,1.5804175380880472,-1.0556733200956112,Hold,525.5138522586452,10632.927475704571,11185.523496009593,1818.4509717141627
2025-07-15,546.9515991210938,344.3003845214844,1.588588406258268,-0.8651297310291576,Hold,525.5138522586452,10581.781880740418,11074.464104398437,1656.2459851388558
2025-07-16,552.0796508789062,347.1578674316406,1.59028414065142,-0.8255854242745563,Hold,525.5138522586452,10680.993447653318,11166.375392738819,1847.368840392137
2025-07-17,552.169189453125,347.0685729980469,1.590951277101751,-0.8100278885274474,Hold,525.5138522586452,10682.725735599486,11163.503226328285,1846.2289619277726
2025-07-18,549.2373046875,346.31451416015625,1.5859494252484616,-0.926670426902744,Hold,525.5138522586452,10626.00304726808,11139.248831305082,1765.251878573159
2025-07-21,551.215087890625,348.189697265625,1.5830884492544797,-0.9933880170987379,Hold,525.5138522586452,10664.26689089975,11199.5643259263,1863.831216826049
2025-07-22,555.299560546875,349.10247802734375,1.5906491517467278,-0.8170734127355018,Hold,525.5138522586452,10743.28850600379,11228.92403110028,1972.2125371040675
2025-07-23,558.6090087890625,352.5056457519531,1.5846810271576124,-0.9562493063511095,Hold,525.5138522586452,10807.31585230043,11338.387338438186,2145.7031907386154
2025-07-24,560.0103149414062,351.19598388671875,1.5945806348458766,-0.725391735285837,Hold,525.5138522586452,10834.426690034645,11296.261903883138,2130.688593917781
2025-07-25,564.700927734375,354.241943359375,1.5941108564930477,-0.7363469057217013,Hold,525.5138522586452,10925.175197840392,11394.235563977261,2319.410761817653
2025-07-28,564.7607421875,352.6842041015625,1.601321339656215,-0.5681993708219943,Hold,525.5138522586452,10926.33241814526,11344.13068965761,2270.4631078028688
2025-07-29,559.8314208984375,348.5369873046875,1.6062324553492469,-0.4536727879698325,Hold,525.5138522586452,10830.965656653443,11210.734952635758,2041.7006092892007
2025-07-30,555.6474609375,348.1599426269531,1.5959545970308993,-0.6933511148129797,Hold,525.5138522586452,10750.019277164773,11198.607264323335,1948.6265414881054
2025-07-31,562.9617919921875,342.7626037597656,1.6424247739311562,0.3903274009411966,Hold,525.5138522586452,10891.528427057749,11025.001197554006,1916.5296246117541
2025-08-01,556.4226684570312,336.6905517578125,1.652623352666207,0.6281569381543634,Hold,525.5138522586452,10765.017088483308,10829.692900036045,1594.709988519353
2025-08-04,566.2811889648438,339.4685974121094,1.6681401263086129,0.9900060928538984,Hold,525.5138522586452,10955.748249792852,10919.049079296923,1874.7973290897753
2025-08-05,562.5345458984375,334.78558349609375,1.6802830636373598,1.273177821026074,Hold,525.5138522586452,10883.262567737242,10768.419362210221,1651.6819299474628
2025-08-06,565.6054077148438,337.0774841308594,1.6779685216093099,1.2192030002503447,Hold,525.5138522586452,10942.674022021904,10842.138627281143,1784.8126493030468
2025-08-07,557.744384765625,329.4874267578125,1.6927637884513003,1.5642267096700198,Hold,525.5138522586452,10790.588114709815,10598.003500784103,1388.5916154939187
2025-08-08,570.7632446289062,334.1406555175781,1.7081526453128064,1.9230928615812741,Hold,525.5138522586452,11042.461837413144,10747.675174666196,1790.13701207934
2025-08-11,570.0377807617188,333.2675476074219,1.7104509120498115,1.9766881446745708,Hold,525.5138522586452,11028.426408286927,10719.591551629497,1748.0179599164258
2025-08-12,570.6240844726562,334.6888732910156,1.704938914944126,1.848149084985787,Hold,525.5138522586452,11039.769528948751,10765.30866660018,1805.0781955489292
2025-08-13,574.321044921875,340.4634704589844,1.6868800759964744,1.427019296109801,Hold,525.5138522586452,11111.294009649091,10951.04929289344,2062.343302542533
2025-08-14,580.144775390625,343.38555908203125,1.6894850701978252,1.4877674240054044,Hold,525.5138522586452,11223.964757209866,11045.038631914304,2269.003389124169
2025-08-15,578.0975952148438,342.3717956542969,1.6885082315558677,1.4649876732004963,Hold,525.5138522586452,11184.358301857137,11012.43080690011,2196.78910875725
2025-08-18,580.5224609375,340.6523132324219,1.704149475542878,1.829739460239608,Hold,525.5138522586452,11231.271776849195,10957.123443866914,2188.395220716109
2025-08-19,581.8839721679688,340.3641052246094,1.709592648684203,1.9566735539798747,Hold,525.5138522586452,11257.612708829556,10947.853197940365,2205.4659067699213
2025-08-20,589.0095825195312,341.8350830078125,1.7230811341446475,2.271223290575894,Sell MA and Buy V,525.5138522586452,11395.470710576958,10995.16737878594,2390.6380893628957
2025-08-21,588.2542724609375,341.5965576171875,1.722073186463924,2.2477180810100106,Sell MA and Buy V,525.5138522586452,11380.857852135348,10987.495180335927,2368.3530324712774
2025-08-22,595.250732421875,347.9078674316406,1.7109435805984872,1.9881771115174038,Hold,525.5138522586452,11516.217202693868,11190.499234743358,2706.716437437226
2025-08-25,589.5362548828125,346.6953125,1.700444839105843,1.7433478176144486,Hold,525.5138522586452,11405.66015344505,11151.497256619725,2557.157410064774
2025-08-26,587.9461669921875,349.0409240722656,1.6844619826598293,1.3706296722089686,Hold,525.5138522586452,11374.896986728218,11226.944140584203,2601.841127312422
2025-08-27,587.0020751953125,348.2159729003906,1.6857413814363655,1.4004650862249386,Hold,525.5138522586452,11356.631799303992,11200.409484941838,2557.041284245832
2025-08-28,586.8231811523438,347.7289733886719,1.6875878228772896,1.4435238618440285,Hold,525.5138522586452,11353.17076592279,11184.74508590585,2537.915851828642
2025-08-29,591.6033935546875,349.63726806640625,1.692049010754554,1.5475581862175118,Hold,525.5138522586452,11445.652742511751,11246.125618310876,2691.7783608226273
2025-09-02,588.20458984375,347.93768310546875,1.6905458028972684,1.5125035733816328,Hold,525.5138522586452,11379.89665078008,11191.458259549609,2571.35491032969
2025-09-03,589.6058349609375,348.7328186035156,1.690709343967071,1.5163173299801709,Hold,525.5138522586452,11407.006307677248,11217.033890385721,2624.0401980629686
2025-09-04,591.9512329101562,348.8520812988281,1.6968545255806813,1.659622170509843,Hold,525.5138522586452,11452.382332835688,11220.869989610728,2673.2523224464167
2025-09-05,580.6019287109375,341.1294250488281,1.7019989660165846,1.779589856192027,Hold,525.5138522586452,11232.809226682808,10972.469803970227,2205.279030653037
2025-09-08,582.9671020507812,340.2149963378906,1.7135255891888934,2.0483892179382965,Sell MA and Buy V,525.5138522586452,11278.567843044086,10943.057092307463,2221.6249353515486
2025-09-09,580.3832397460938,341.89471435546875,1.6975496121378113,1.675831499132975,Hold,525.5138522586452,11228.578287547754,10997.085428398443,2225.663715946197
2025-09-10,575.7919921875,336.06048583984375,1.7133582091585293,2.044485937275923,Sell MA and Buy V,525.5138522586452,11139.752182452548,10809.426752492678,1949.1789349452265
2025-09-11,585.0840454101562,341.39776611328125,1.7137899057488735,2.054553045935406,Sell MA and Buy V,525.5138522586452,11319.523995140145,10981.101027226487,2300.625022366632
2025-09-12,576.8154907226562,337.36248779296875,1.7097795741790773,1.9610326323469918,Hold,525.5138522586452,11159.553638873345,10851.305805035068,2010.8594439084118
2025-09-15,579.3497924804688,336.98480224609375,1.7192163819227086,2.1810977685530766,Sell MA and Buy V,525.5138522586452,11208.584354688495,10839.15750308812,2047.7418577766148
2025-09-16,582.788330078125,337.9588317871094,1.7244358639671273,2.302815414841399,Sell MA and Buy V,525.5138522586452,11275.109171336977,10870.48728276174,2145.596454098719
2025-09-17,594.9227294921875,344.0912780761719,1.7289677693036114,2.4084988612186455,Sell MA and Buy V,525.5138522586452,11509.871384409811,11067.738169933305,2577.6095543431147
2025-09-18,582.4205932617188,336.1200866699219,1.732775327508677,2.497290626164355,Sell MA and Buy V,525.5138522586452,11267.994628136112,10811.343820503538,2079.33844863965
2025-09-19,580.5422973632812,339.5292053222656,1.7098449507819422,1.9625572062712469,Hold,525.5138522586452,11231.655548889075,10920.998540162034,2152.6540890511096
2025-09-22,580.8703002929688,342.2624206542969,1.6971489279557175,1.6664875958233405,Hold,525.5138522586452,11238.001367173132,11008.912746607783,2246.914113780913
2025-09-23,566.4401245117188,336.6369323730469,1.6826440299307792,1.3282352496665977,Hold,525.5138522586452,10958.82314946008,10827.968225947421,1786.7913754075016
2025-09-24,565.287353515625,336.6170959472656,1.6793186095461499,1.25068687634302,Hold,525.5138522586452,10936.520680176309,10827.330184878781,1763.8508650550903
2025-09-25,563.7867431640625,332.889892578125,1.6936132809491924,1.5840367648638263,Hold,525.5138522586452,10907.4886205686,10707.444231284193,1614.932851852791
2025-09-26,561.6301879882812,335.3150329589844,1.6749329221305138,1.1484132129709321,Hold,525.5138522586452,10865.76610522982,10785.449169133104,1651.2152743629267
2025-09-29,564.62158203125,338.0880432128906,1.670043035729937,1.0343816944734336,Hold,525.5138522586452,10923.640109680868,10874.64338412271,1798.2834938035776
2025-09-30,565.287353515625,339.3006286621094,1.6660368586542267,0.9409581631498396,Hold,525.5138522586452,10936.520680176309,10913.64634384799,1850.1670240242966
2025-10-01,570.2166748046875,345.7113037109375,1.6494013030058965,0.5530191567539159,Hold,525.5138522586452,11031.887441668126,11119.846493208493,2151.733934876618
2025-10-02,573.754638671875,343.8428039550781,1.668653908333164,1.0019874232237347,Hold,525.5138522586452,11100.335841864193,11059.74596934733,2160.081811211523
2025-10-03,576.8553466796875,347.7090759277344,1.6590172262273,0.7772612427382933,Hold,525.5138522586452,11160.324725464243,11184.10508163392,2344.4298070981604
2025-10-06,575.2254638671875,347.1524963378906,1.656982075414226,0.72980178896471,Hold,525.5138522586452,11128.791652993557,11166.202630849462,2294.9942838430215
2025-10-07,576.2490844726562,350.27337646484375,1.6451409761383713,0.4536688851520485,Hold,977.8440209420041,11148.595471088445,11266.586122979765,2415.18159406821
2025-10-08,572.8701171875,349.2198181152344,1.6404284278003554,0.3437728673399733,Hold,977.8440209420041,11083.223151396653,11232.698289421713,2315.921440818365
2025-10-09,561.79443359375,344.9261474609375,1.6287383189973228,0.0711610418273159,Hold,977.8440209420041,10868.943737720034,11094.591846109992,1963.5355838300238
2025-10-10,554.7589111328125,341.5567932128906,1.6242069317796706,-0.03451032208577618,Hold,977.8440209420041,10732.828651452211,10986.21615339371,1719.044804845922
2025-10-13,556.5103759765625,341.2088928222656,1.6309961073214072,0.12381237356600304,Hold,977.8440209420041,10766.713951318103,10975.025894651371,1741.7398459694741
2025-10-14,565.1480102539062,346.25799560546875,1.6321587296942708,0.1509245769499422,Hold,977.8440209420041,10933.824829200777,11137.430905060275,2071.2557342610526
2025-10-15,560.0629272460938,343.5843505859375,1.6300594782357833,0.10197030441486432,Hold,977.8440209420041,10835.444571568114,11051.432785023742,1886.8773565918564
2025-10-16,547.196044921875,333.3570556640625,1.6414713161892898,0.3680928897027772,Hold,977.8440209420041,10586.511133108794,10722.470589251541,1308.981722360335
2025-10-17,558.23193359375,339.8075256347656,1.6427886126152276,0.3988120720018373,Hold,977.8440209420041,10800.02064103156,10929.950747155908,1729.9713881874704
2025-10-20,563.5956420898438,342.3121643066406,1.6464376696382284,0.48390760987929216,Hold,977.8440209420041,10903.791419778241,11010.512757287606,1914.3041770658456
2025-10-21,569.2379760742188,345.0950927734375,1.649510491439923,0.5555654169150802,Hold,977.8440209420041,11012.952719638937,11100.025992811536,2112.978712450473
2025-10-22,568.5711669921875,343.2563781738281,1.6564037936223226,0.7163163323613804,Hold,977.8440209420041,11000.05207491372,11040.883512154978,2040.9355870686995
2025-10-23,570.969482421875,343.85272216796875,1.6605059248097558,0.8119775011614918,Hold,977.8440209420041,11046.451885790857,11060.06498988165,2106.516875672507
2025-10-24,570.8699340820312,345.2640686035156,1.6534298990075054,0.6469654945302323,Hold,977.8440209420041,11044.525940569181,11105.461121114724,2149.9870616839034
2025-10-27,569.5662841796875,345.701416015625,1.6475671136792343,0.5102460988549583,Hold,977.8440209420041,11019.304442108225,11119.528454275818,2138.832896384043
2025-10-28,563.167724609375,344.7869873046875,1.6333787101765094,0.179374364026911,Hold,977.8440209420041,10895.512571250232,11090.115742613056,1985.6283138632862
2025-10-29,551.8731689453125,339.20123291015625,1.6269786645837057,0.030126128461656528,Hold,977.8440209420041,10676.99867592742,10910.44926729327,1587.44794322069
2025-10-30,550.9774780273438,342.9283752441406,1.6066838377987442,-0.4431466076206868,Hold,977.8440209420041,10659.6698922805,11030.333257684566,1690.003149965065
2025-10-31,549.2957763671875,338.66448974609375,1.6219467732770267,-0.0872169260819556,Hold,977.8440209420041,10627.134289157944,10893.184857577453,1520.3191467353972
2025-11-03,541.4144287109375,334.847900390625,1.6168965911965918,-0.20498651910418123,Hold,977.8440209420041,10474.655163109612,10770.423792767402,1245.078955877012
2025-11-04,550.0520629882812,338.2272033691406,1.626279783261417,0.013828306405769196,Hold,977.8440209420041,10641.766040992286,10879.119487619648,1520.885528611936
2025-11-05,550.6093139648438,337.9687805175781,1.629172117973796,0.08127717785944412,Hold,977.8440209420041,10652.54708322032,10870.807284897706,1523.3543681180236
2025-11-06,550.5794677734375,334.90753173828125,1.6439745768503542,0.42646860459516284,Hold,977.8440209420041,10651.969653904927,10772.341842379905,1424.311496284834
2025-11-07,549.2758178710938,333.9732666015625,1.64467001643695,0.44268616581978515,Hold,977.8440209420041,10626.748155443973,10742.291089648501,1369.0392450924737
2025-11-10,550.2610473632812,332.8103942871094,1.6533769882456892,0.6457316224071417,Hold,977.8440209420041,10645.80922703706,10704.887159001404,1350.696386038464
2025-11-11,555.624755859375,336.8555908203125,1.6494449580198882,0.5540371860347022,Hold,977.8440209420041,10749.58000578374,10835.001401727146,1584.5814075108865
2025-11-12,558.4906616210938,337.4830017089844,1.654870493603962,0.680559974220775,Hold,977.8440209420041,10805.026209268648,10855.182149927481,1660.2083591961273
2025-11-13,552.8583374023438,334.69451904296875,1.651829671376742,0.6096483931235254,Hold,977.8440209420041,10696.058566683461,10765.490262904332,1461.548829587795
2025-11-14,543.0663452148438,328.6595153808594,1.65236763215428,0.6221935688862005,Hold,977.8440209420041,10506.614517753826,10571.373629782265,1077.988147536089
2025-11-17,534.2296142578125,324.4071350097656,1.6467874981902928,0.49206556647333166,Hold,977.8440209420041,10335.651749427796,10434.595293494966,770.2470429227615
2025-11-18,525.0049438476562,319.85595703125,1.641379290604749,0.36594686497210926,Hold,977.8440209420041,10157.183580838746,10288.206095510626,445.38967634937217
2025-11-19,527.7713012695312,322.7838439941406,1.6350610821745828,0.2186070614563135,Hold,977.8440209420041,10210.703839101978,10382.38193884386,593.0857779458383
2025-11-20,525.303466796875,322.4352722167969,1.6291749447426302,0.08134309774310097,Hold,977.8440209420041,10162.959054829687,10371.17008486535,534.1291396950401
2025-11-21,537.7623901367188,326.6279602050781,1.6464064797118925,0.48318026483064513,Hold,977.8440209420041,10403.99977847497,10506.02840833686,910.0281868118327
2025-11-24,535.2247314453125,327.9424743652344,1.6320689550241816,0.14883104325319316,Hold,977.8440209420041,10354.904116622301,10548.309917553315,903.2140341756167
2025-11-25,543.8026733398438,333.15093994140625,1.6323011828677008,0.15424656653217295,Hold,977.8440209420041,10520.860135874194,10715.840851747527,1236.7009876217198
2025-11-26,542.2702026367188,332.41400146484375,1.6313097530401994,0.1311265511673267,Hold,977.8440209420041,10491.211679328584,10692.137135246645,1183.3488145752272
2025-11-28,547.8429565429688,333.0613098144531,1.64487120058517,0.44737775413898107,Hold,977.8440209420041,10599.026824957085,10712.957887718909,1311.9847126759923
2025-12-01,541.3148803710938,329.02801513671875,1.6451938906970123,0.45490284581660384,Hold,977.8440209420041,10472.729217887932,10583.22646963435,1055.9556875222843
2025-12-02,543.2454223632812,328.26116943359375,1.6549183179376268,0.6816752314971575,Hold,977.8440209420041,10510.079093646164,10558.560783522285,1068.6398771684471
2025-12-03,551.0272216796875,328.2511901855469,1.678675472184014,1.2356889962290416,Hold,977.8440209420041,10660.632274472819,10558.239799784677,1218.8720742574951
2025-12-04,539.6630249023438,325.7515869140625,1.6566704402416736,0.7225344970416964,Hold,977.8440209420041,10440.771044080766,10477.839753924247,918.6107980050147
2025-12-05,542.8573608398438,329.8744812011719,1.6456482443356557,0.46549831391239893,Hold,977.8440209420041,10502.571331709052,10610.45315443578,1113.02448614483
2025-12-08,537.8021850585938,325.49261474609375,1.6522715437894522,0.6199528006446396,Hold,977.8440209420041,10404.769684228822,10469.509882372711,874.2795666015336
2025-12-09,534.92626953125,325.1540222167969,1.645147323979856,0.4538169159945633,Hold,977.8440209420041,10349.129823468404,10458.61901213181,807.7488356002141
2025-12-10,536.2297973632812,324.38720703125,1.653054700494472,0.6382159137272612,Hold,977.8440209420041,10374.348960255269,10433.954307621392,808.3032678766613
2025-12-11,560.6201782226562,344.2051696777344,1.6287384025857097,0.07116299109768821,Hold,977.8440209420041,10846.225613796143,11071.401507268956,1917.6271210650993
2025-12-12,569.138427734375,346.3960876464844,1.6430278748275329,0.40439163585121957,Hold,977.8440209420041,11011.026774417262,11141.87265249967,2152.8994269169307
2025-12-15,566.3521118164062,345.4599914550781,1.6394144787387104,0.32012770634710225,Hold,977.8440209420041,10957.120382440055,11111.76300366962,2068.883386109672
2025-12-16,563.25732421875,343.68731689453125,1.6388656099043628,0.3073281561102661,Hold,977.8440209420041,10897.246040033446,11054.744708970818,1951.9907490042642
2025-12-17,562.7099609375,342.9902038574219,1.6406006778298945,0.3477897157533167,Hold,977.8440209420041,10886.656293406832,11032.321982615444,1918.9782760222733
2025-12-18,563.4463500976562,344.5836181640625,1.6351512968018962,0.22071085489863548,Hold,977.8440209420041,10900.903092364248,11083.574349257005,1984.477441621253
2025-12-19,569.4369506835938,347.81024169921875,1.6372058163141572,0.268621984232483,Hold,977.8440209420041,11016.802248408201,11187.359091083996,2204.161339492195
2025-12-22,572.8900756835938,350.6385192871094,1.6338480918991694,0.19032028509852825,Hold,977.8440209420041,11083.609285110624,11278.330986651004,2361.9402717616285
2025-12-23,573.536865234375,351.9232177734375,1.6297215877459066,0.09409074188720216,Hold,977.8440209420041,11096.122615284825,11319.653471061207,2415.7760863460317
2025-12-24,576.6217651367188,353.6759948730469,1.630367266920954,0.10914789674956707,Hold,977.8440209420041,11155.805662090017,11376.031761488077,2531.837423578094
2025-12-26,576.77099609375,353.5365295410156,1.6314325335561564,0.13398977692136949,Hold,977.8440209420041,11158.692808666965,11371.5458419747,2530.238650641666
2025-12-29,575.0792846679688,353.1481628417969,1.628436291556166,0.06411780095796772,Hold,977.8440209420041,11125.963548268897,11359.05397945233,2485.0175277212256
2025-12-30,574.6016235351562,352.1622314453125,1.6316389783678051,0.13880404323141357,Hold,977.8440209420041,11116.722317548572,11327.341375137523,2444.063692686097
